{"train/loss": 0.5744, "train/grad_norm": 8.733543395996094, "train/learning_rate": 4.2603953646898435e-09, "train/epoch": 4.0, "train/global_step": 23972, "_timestamp": 1723125838.197283, "_runtime": 38446.01618099213, "_step": 2397, "train_runtime": 38446.0451, "train_samples_per_second": 4.988, "train_steps_per_second": 0.624, "total_flos": 1.7948991420960768e+17, "train_loss": 0.632656951316028, "_wandb": {"runtime": 38445}}