{"train/loss": 0.4105, "train/grad_norm": 11.837408065795898, "train/learning_rate": 8.484642796538267e-09, "train/epoch": 5.0, "train/global_step": 29965, "_timestamp": 1722987969.2873151, "_runtime": 27370.151145219803, "_step": 2996, "train_runtime": 27370.1797, "train_samples_per_second": 8.758, "train_steps_per_second": 1.095, "total_flos": 2.243623927620096e+17, "train_loss": 0.5563044851935807, "_wandb": {"runtime": 27369}}