{"train/loss": 0.2199, "train/grad_norm": 0.41869160532951355, "train/learning_rate": 1.6900456312320432e-08, "train/epoch": 4.0, "train/global_step": 24168, "_timestamp": 1723281822.4395669, "_runtime": 21523.528562784195, "_step": 2416, "train_runtime": 21523.5538, "train_samples_per_second": 8.982, "train_steps_per_second": 1.123, "total_flos": 1.795487802020905e+17, "train_loss": 0.523371786477204, "_wandb": {"runtime": 21522}}