{"train/loss": 1.6391, "train/grad_norm": 13.464722633361816, "train/learning_rate": 3.896366083445491e-05, "train/epoch": 0.31316725978647686, "train/global_step": 1320, "_timestamp": 1722573826.0134952, "_runtime": 73455.68205308914, "_step": 131}