{"train/loss": 2.0411, "train/grad_norm": 16.185440063476562, "train/learning_rate": 3.896366083445491e-05, "train/epoch": 0.31316725978647686, "train/global_step": 1320, "_timestamp": 1722583317.108787, "_runtime": 3010.627482175827, "_step": 5}