{"train/loss": 0.5791, "train/grad_norm": 6.701596736907959, "train/learning_rate": 1.6900456312320432e-08, "train/epoch": 4.0, "train/global_step": 24168, "_timestamp": 1723139913.701064, "_runtime": 34194.34786319733, "_step": 2416, "train_runtime": 34194.3776, "train_samples_per_second": 5.654, "train_steps_per_second": 0.707, "total_flos": 1.8095000361873408e+17, "train_loss": 0.7342788581223095, "_wandb": {"runtime": 34193}}