{"train/loss": 0.119, "train/grad_norm": 0.018018798902630806, "train/learning_rate": 8.652765877814605e-09, "train/epoch": 3.0, "train/global_step": 4215, "_timestamp": 1722870992.7212734, "_runtime": 39841.28530836105, "_step": 42, "train_runtime": 39841.3184, "train_samples_per_second": 0.846, "train_steps_per_second": 0.106, "total_flos": 1.5936475890928108e+18, "train_loss": 1.0516453342364211, "_wandb": {"runtime": 39840}}