{"train/loss": 0.2044, "train/grad_norm": 0.02931033819913864, "train/learning_rate": 1.6900456312320432e-08, "train/epoch": 4.0, "train/global_step": 24168, "_timestamp": 1723239353.596509, "_runtime": 18974.90269088745, "_step": 2416, "train_runtime": 18974.9305, "train_samples_per_second": 10.189, "train_steps_per_second": 1.274, "total_flos": 1.795487802020905e+17, "train_loss": 0.5237155221664204, "_wandb": {"runtime": 18974}}